Tag	Count	First used	First video	Last used	Last video
1951	1	2018-10-24	_K9ICXapatg	2018-10-24	_K9ICXapatg
1984	1	2021-01-07	QtVyxGW7Qzs	2021-01-07	QtVyxGW7Qzs
jocko willink	312	2015-12-28	dv-OqLsV2T8	2023-02-02	Gp-ZCDOS-nk
echo charles	328	2015-12-28	dv-OqLsV2T8	2023-02-02	Gp-ZCDOS-nk
podcast	203	2015-12-28	dv-OqLsV2T8	2023-02-02	Gp-ZCDOS-nk
leadership	308	2015-12-28	dv-OqLsV2T8	2023-02-02	Gp-ZCDOS-nk
leif babin	6	2015-12-28	dv-OqLsV2T8	2018-08-16	zykkngRWy_A
navy	11	2015-12-28	dv-OqLsV2T8	2017-10-12	xaVM7A_VeXs
seal	5	2015-12-28	dv-OqLsV2T8	2016-09-14	GaZ-RrNeRYg
seal teams	13	2015-12-28	dv-OqLsV2T8	2019-07-25	mjVZQUEdfP0
iraq war	8	2015-12-28	dv-OqLsV2T8	2017-03-15	uWUYcrbdu1o
military	320	2015-12-28	dv-OqLsV2T8	2023-02-02	Gp-ZCDOS-nk
jocko	208	2015-12-28	02tq9USODe4	2023-02-02	Gp-ZCDOS-nk
willink	11	2015-12-28	02tq9USODe4	2019-11-27	r70l9Qjzfow
echo	11	2015-12-28	02tq9USODe4	2016-08-03	QCLekHOpO24
charles	2	2015-12-28	02tq9USODe4	2015-12-31	XdntJrOJ4rs
extreme ownership	271	2015-12-28	02tq9USODe4	2023-02-02	Gp-ZCDOS-nk
discipline	244	2015-12-28	02tq9USODe4	2023-02-02	Gp-ZCDOS-nk
mental toughness	6	2015-12-28	02tq9USODe4	2016-04-06	f-6ISTjlNQs
jiu jitsu	205	2015-12-28	02tq9USODe4	2023-02-02	Gp-ZCDOS-nk
bjj	191	2015-12-28	02tq9USODe4	2023-02-02	Gp-ZCDOS-nk
mma	200	2015-12-28	02tq9USODe4	2023-02-02	Gp-ZCDOS-nk
victory mma	12	2015-12-28	02tq9USODe4	2018-08-08	9-hEh7thG1Y
martial arts	7	2015-12-28	02tq9USODe4	2020-07-01	sM22h9ccPvQ
navy seal	331	2015-12-31	XdntJrOJ4rs	2023-02-02	Gp-ZCDOS-nk
mixed martial arts	2	2015-12-31	XdntJrOJ4rs	2016-02-11	B3yjSCMOMxI
inspiration	1	2015-12-31	XdntJrOJ4rs	2015-12-31	XdntJrOJ4rs
motivation	7	2015-12-31	XdntJrOJ4rs	2019-03-27	UG1fmSKw_Qg
san diego	7	2016-01-07	X-kXl-e1stI	2018-11-07	kjF9uHZW_QE
black belt	2	2016-01-07	X-kXl-e1stI	2016-01-13	qZkvWATBwbs
jocko podcast	146	2016-01-13	qZkvWATBwbs	2019-11-21	TlAoAZIAxQI
morejocko	1	2016-01-20	53AnXOAcL9Y	2016-01-20	53AnXOAcL9Y
flixpoint	181	2016-01-27	S-EnTCoQPsI	2023-02-02	Gp-ZCDOS-nk
video	2	2016-01-27	S-EnTCoQPsI	2019-11-27	r70l9Qjzfow
freedom	141	2016-01-27	S-EnTCoQPsI	2019-11-27	r70l9Qjzfow
usa	181	2016-02-03	GZrgVExV41A	2023-02-02	Gp-ZCDOS-nk
good	5	2016-02-03	GZrgVExV41A	2019-05-22	MFxPmXXSqoQ
ownership	3	2016-02-11	B3yjSCMOMxI	2016-02-24	BCHkbr4Fr7k
echelon front	246	2016-02-24	BCHkbr4Fr7k	2023-02-02	Gp-ZCDOS-nk
brazilian jiu jitsu	15	2016-02-24	BCHkbr4Fr7k	2018-08-16	zykkngRWy_A
war	17	2016-02-24	BCHkbr4Fr7k	2017-06-21	uq0Skb529q8
iraq	8	2016-02-24	BCHkbr4Fr7k	2020-03-12	vt6RmeQa_98
ramadi	8	2016-02-24	BCHkbr4Fr7k	2019-03-08	5qL7_NpcoeU
task unit bruiser	13	2016-02-24	BCHkbr4Fr7k	2019-05-22	MFxPmXXSqoQ
live to tell	1	2016-02-24	BCHkbr4Fr7k	2016-02-24	BCHkbr4Fr7k
leadership training	1	2016-02-24	BCHkbr4Fr7k	2016-02-24	BCHkbr4Fr7k
shakespeare	1	2016-03-23	f_4Vyv5h3yE	2016-03-23	f_4Vyv5h3yE
henry the 5th	1	2016-03-23	f_4Vyv5h3yE	2016-03-23	f_4Vyv5h3yE
navy seals	3	2016-03-23	f_4Vyv5h3yE	2018-02-22	iyUphacCtLc
procrastination	1	2016-03-23	f_4Vyv5h3yE	2016-03-23	f_4Vyv5h3yE
advice	83	2016-03-23	f_4Vyv5h3yE	2019-11-21	TlAoAZIAxQI
win	83	2016-04-21	jcZk4zuIGF0	2019-11-21	TlAoAZIAxQI
business	10	2016-04-21	jcZk4zuIGF0	2018-03-14	K4AKtdGLmOk
tim kennedy	1	2016-05-04	q9IZaj-v33o	2016-05-04	q9IZaj-v33o
ufc	7	2016-05-04	q9IZaj-v33o	2019-07-11	EKIikKV8leA
army rangers	1	2016-05-04	q9IZaj-v33o	2016-05-04	q9IZaj-v33o
sheepdog response	1	2016-05-04	q9IZaj-v33o	2016-05-04	q9IZaj-v33o
united states	3	2016-05-18	IZ3N7DoVvy4	2017-03-01	uUC8Heiae9I
jody	1	2016-05-25	vkB91_zbHzg	2016-05-25	vkB91_zbHzg
mitic	1	2016-05-25	vkB91_zbHzg	2016-05-25	vkB91_zbHzg
canada	3	2016-05-25	vkB91_zbHzg	2019-12-26	wtqe5msnGAY
jody mitic	1	2016-05-25	vkB91_zbHzg	2016-05-25	vkB91_zbHzg
canadian	2	2016-05-25	vkB91_zbHzg	2019-12-26	wtqe5msnGAY
author	166	2016-05-25	vkB91_zbHzg	2023-02-02	Gp-ZCDOS-nk
double amputee	2	2016-05-25	vkB91_zbHzg	2019-03-20	WB15cc8xPF8
ottowa city council	1	2016-05-25	vkB91_zbHzg	2016-05-25	vkB91_zbHzg
darkness	10	2016-06-10	ZDP1lr-91Q8	2018-04-20	qvuMr-S-BRU
teams	3	2016-06-10	ZDP1lr-91Q8	2018-12-26	FtYKlYXJrH0
tim ferriss	3	2016-06-16	6uFS3J4Hqyo	2017-11-16	7GNRn3GtJ3g
joe rogan	1	2016-06-16	6uFS3J4Hqyo	2016-06-16	6uFS3J4Hqyo
america	4	2016-06-16	6uFS3J4Hqyo	2017-06-02	74JqZ2JgEPg
special forces	5	2016-06-16	6uFS3J4Hqyo	2019-06-20	0xjwJHzwRTo
spec ops	1	2016-06-16	6uFS3J4Hqyo	2016-06-16	6uFS3J4Hqyo
get after it	4	2016-06-23	cDhikAvewEY	2019-05-15	HL1LBA6D37E
hackworth	7	2016-06-23	cDhikAvewEY	2020-11-20	Ow9ZW6C84Oo
platoon leader	1	2016-06-29	2JKwtK8o9jI	2016-06-29	2JKwtK8o9jI
james mcdonough	1	2016-06-29	2JKwtK8o9jI	2016-06-29	2JKwtK8o9jI
book review	5	2016-06-29	2JKwtK8o9jI	2018-10-24	_K9ICXapatg
jocko podcast 29	1	2016-06-29	2JKwtK8o9jI	2016-06-29	2JKwtK8o9jI
know darkness	1	2016-06-29	2JKwtK8o9jI	2016-06-29	2JKwtK8o9jI
discipline equals freedom	35	2016-07-20	WdTAfsqU-L8	2019-11-21	TlAoAZIAxQI
echo charlie	1	2016-08-03	QCLekHOpO24	2016-08-03	QCLekHOpO24
benghazi	1	2016-08-03	QCLekHOpO24	2016-08-03	QCLekHOpO24
ambushed cops	1	2016-08-03	QCLekHOpO24	2016-08-03	QCLekHOpO24
photographer	1	2016-08-19	r4Kss4q3_7w	2016-08-19	r4Kss4q3_7w
vietnam	28	2016-08-24	NCLWC4pp-0M	2021-04-01	9wbMdm6xpJM
echo Charles	1	2016-09-08	t5AeHHYXUw8	2016-09-08	t5AeHHYXUw8
Brave Men	1	2016-09-08	t5AeHHYXUw8	2016-09-08	t5AeHHYXUw8
BJJ	1	2016-09-08	t5AeHHYXUw8	2016-09-08	t5AeHHYXUw8
Leaderhip	1	2016-09-08	t5AeHHYXUw8	2016-09-08	t5AeHHYXUw8
Extreme Ownership	2	2016-09-08	t5AeHHYXUw8	2017-01-04	18PDWLV0zrE
Jocko	1	2016-09-14	GaZ-RrNeRYg	2016-09-14	GaZ-RrNeRYg
buds	3	2016-09-14	GaZ-RrNeRYg	2020-12-24	i66qyQ5mk48
btf tony	1	2016-09-21	bHdur0fmxis	2016-09-21	bHdur0fmxis
navy SEAL	1	2016-09-21	bHdur0fmxis	2016-09-21	bHdur0fmxis
platoon	1	2016-09-21	bHdur0fmxis	2016-09-21	bHdur0fmxis
ramaddi	1	2016-09-21	bHdur0fmxis	2016-09-21	bHdur0fmxis
mikey monsoor	1	2016-09-28	tSkP7rJccGM	2016-09-28	tSkP7rJccGM
veteran	4	2016-09-28	tSkP7rJccGM	2019-03-20	WB15cc8xPF8
jiu-jitsu	1	2016-11-02	gDYZqysjm-k	2016-11-02	gDYZqysjm-k
custer	1	2016-11-09	fC56OMhOMYk	2016-11-09	fC56OMhOMYk
ego	2	2016-11-09	fC56OMhOMYk	2017-05-03	xHdkygo5xnk
military wives	1	2016-11-16	sKNgj-Xqje8	2016-11-16	sKNgj-Xqje8
passive-aggressive	1	2016-11-16	sKNgj-Xqje8	2016-11-16	sKNgj-Xqje8
suicide	1	2016-11-23	GsxydhFqXug	2016-11-23	GsxydhFqXug
korean war	1	2016-11-30	mXqRnDB5rI8	2016-11-30	mXqRnDB5rI8
the coldest war	1	2016-11-30	mXqRnDB5rI8	2016-11-30	mXqRnDB5rI8
history	8	2016-11-30	mXqRnDB5rI8	2020-04-09	piPCztMMJLk
values	1	2016-12-07	t_gEFspOqHk	2016-12-07	t_gEFspOqHk
fear	2	2016-12-07	t_gEFspOqHk	2017-05-03	xHdkygo5xnk
overcoming	1	2016-12-07	t_gEFspOqHk	2016-12-07	t_gEFspOqHk
follow thgrough	1	2016-12-07	t_gEFspOqHk	2016-12-07	t_gEFspOqHk
patriot	1	2016-12-14	by8yqWVWkfI	2016-12-14	by8yqWVWkfI
the armed forces officer	1	2016-12-21	ZFS7jBQFOcU	2016-12-21	ZFS7jBQFOcU
best leader	1	2016-12-21	ZFS7jBQFOcU	2016-12-21	ZFS7jBQFOcU
complacency	1	2016-12-28	Sp2dy_wTiVE	2016-12-28	Sp2dy_wTiVE
default aggressive	1	2016-12-28	Sp2dy_wTiVE	2016-12-28	Sp2dy_wTiVE
peter attia	1	2017-01-04	18PDWLV0zrE	2017-01-04	18PDWLV0zrE
paleo	1	2017-01-04	18PDWLV0zrE	2017-01-04	18PDWLV0zrE
health	2	2017-01-04	18PDWLV0zrE	2018-04-11	WzPyau4taT0
rome	1	2017-01-11	JMJkcdXOk-U	2017-01-11	JMJkcdXOk-U
tactics	2	2017-01-11	JMJkcdXOk-U	2019-08-05	dpT4GCSvVtA
byzantine empire	1	2017-01-11	JMJkcdXOk-U	2017-01-11	JMJkcdXOk-U
Strategikon	1	2017-01-11	JMJkcdXOk-U	2017-01-11	JMJkcdXOk-U
Maurice	1	2017-01-11	JMJkcdXOk-U	2017-01-11	JMJkcdXOk-U
fredom	162	2017-01-18	fWVT0FPpOcE	2023-02-02	Gp-ZCDOS-nk
Jocko White Tea	1	2017-01-18	fWVT0FPpOcE	2017-01-18	fWVT0FPpOcE
substandard supervisor	1	2017-01-18	fWVT0FPpOcE	2017-01-18	fWVT0FPpOcE
employee morale	1	2017-01-18	fWVT0FPpOcE	2017-01-18	fWVT0FPpOcE
brian stann	1	2017-01-25	lGXToK3Lix4	2017-01-25	lGXToK3Lix4
marines	18	2017-01-25	lGXToK3Lix4	2021-01-14	8izarrFWe8g
wec champ	1	2017-01-25	lGXToK3Lix4	2017-01-25	lGXToK3Lix4
special ops	1	2017-01-25	lGXToK3Lix4	2017-01-25	lGXToK3Lix4
onnit	2	2017-01-25	lGXToK3Lix4	2017-02-01	uylTcj5yDOM
nanking	1	2017-02-01	uylTcj5yDOM	2017-02-01	uylTcj5yDOM
japanese	3	2017-02-01	uylTcj5yDOM	2017-11-16	7GNRn3GtJ3g
chinese	1	2017-02-01	uylTcj5yDOM	2017-02-01	uylTcj5yDOM
iris	1	2017-02-01	uylTcj5yDOM	2017-02-01	uylTcj5yDOM
the woman who could not forget	1	2017-02-01	uylTcj5yDOM	2017-02-01	uylTcj5yDOM
leader	78	2017-02-08	IqXqQReU0vg	2020-10-23	TagQ61l_taM
rickson gracie	1	2017-02-08	IqXqQReU0vg	2017-02-08	IqXqQReU0vg
smack talk	1	2017-02-08	IqXqQReU0vg	2017-02-08	IqXqQReU0vg
Q&A	1	2017-02-08	IqXqQReU0vg	2017-02-08	IqXqQReU0vg
Anger	1	2017-02-08	IqXqQReU0vg	2017-02-08	IqXqQReU0vg
bill reeder	1	2017-02-22	RHIxtd-oYTs	2017-02-22	RHIxtd-oYTs
pow	5	2017-02-22	RHIxtd-oYTs	2018-10-24	_K9ICXapatg
hero	4	2017-02-22	RHIxtd-oYTs	2018-10-24	_K9ICXapatg
torture	1	2017-02-22	RHIxtd-oYTs	2017-02-22	RHIxtd-oYTs
william reeder	1	2017-02-22	RHIxtd-oYTs	2017-02-22	RHIxtd-oYTs
captivity	1	2017-02-22	RHIxtd-oYTs	2017-02-22	RHIxtd-oYTs
andy stumpf	1	2017-03-01	uUC8Heiae9I	2017-03-01	uUC8Heiae9I
wounded warrior	1	2017-03-01	uUC8Heiae9I	2017-03-01	uUC8Heiae9I
muster	2	2017-03-08	3ZwErag67rE	2018-02-22	iyUphacCtLc
tast unit bruiser	1	2017-03-08	3ZwErag67rE	2017-03-08	3ZwErag67rE
team guys	1	2017-03-08	3ZwErag67rE	2017-03-08	3ZwErag67rE
fire arms	1	2017-03-08	3ZwErag67rE	2017-03-08	3ZwErag67rE
every day carry	1	2017-03-08	3ZwErag67rE	2017-03-08	3ZwErag67rE
battle	4	2017-03-08	3ZwErag67rE	2019-02-21	oOfni0BCDuQ
combat	1	2017-03-08	3ZwErag67rE	2017-03-08	3ZwErag67rE
hr mcmaster	1	2017-03-15	uWUYcrbdu1o	2017-03-15	uWUYcrbdu1o
wrestling	1	2017-03-29	HYpVpvs08tw	2017-03-29	HYpVpvs08tw
fasting	1	2017-03-29	HYpVpvs08tw	2017-03-29	HYpVpvs08tw
hangry	1	2017-03-29	HYpVpvs08tw	2017-03-29	HYpVpvs08tw
top gun	2	2017-04-06	uy-zzrzGv-w	2020-05-27	01a6sJgD0Dk
marine pilot	1	2017-04-06	uy-zzrzGv-w	2017-04-06	uy-zzrzGv-w
david berke	1	2017-04-06	uy-zzrzGv-w	2017-04-06	uy-zzrzGv-w
iris gardner	1	2017-04-12	HL4JsK_JQiM	2017-04-12	HL4JsK_JQiM
military wife	1	2017-04-12	HL4JsK_JQiM	2017-04-12	HL4JsK_JQiM
abuse	3	2017-04-12	HL4JsK_JQiM	2019-07-04	TAAvWdYOJvo
sexual assault	1	2017-04-12	HL4JsK_JQiM	2017-04-12	HL4JsK_JQiM
molestation	1	2017-04-12	HL4JsK_JQiM	2017-04-12	HL4JsK_JQiM
children	1	2017-04-12	HL4JsK_JQiM	2017-04-12	HL4JsK_JQiM
recovery	3	2017-04-12	HL4JsK_JQiM	2018-03-07	pkie4WSDBCY
strength	3	2017-04-12	HL4JsK_JQiM	2018-02-01	QGoAB0dZZTo
human nature	1	2017-04-12	HL4JsK_JQiM	2017-04-12	HL4JsK_JQiM
seal wife	1	2017-04-12	HL4JsK_JQiM	2017-04-12	HL4JsK_JQiM
helmet for my pillow	1	2017-04-19	yErGvYFQAE8	2017-04-19	yErGvYFQAE8
ww2	10	2017-04-19	yErGvYFQAE8	2019-11-08	9ATfyouqqeY
tom manion	1	2017-04-26	VC4PxhoCbYo	2017-04-26	VC4PxhoCbYo
sacrifice	1	2017-04-26	VC4PxhoCbYo	2017-04-26	VC4PxhoCbYo
loss	1	2017-04-26	VC4PxhoCbYo	2017-04-26	VC4PxhoCbYo
travis manion	2	2017-04-26	VC4PxhoCbYo	2019-10-31	qFAosAUqyH0
authority	2	2017-05-03	xHdkygo5xnk	2017-09-06	9tk6At-YLbI
overworked	1	2017-05-03	xHdkygo5xnk	2017-05-03	xHdkygo5xnk
unions	1	2017-05-03	xHdkygo5xnk	2017-05-03	xHdkygo5xnk
lessons	2	2017-05-03	xHdkygo5xnk	2020-07-30	A95OwErBUxw
dick winters	1	2017-05-17	X0eXrDYbvI4	2017-05-17	X0eXrDYbvI4
fairness	1	2017-05-17	X0eXrDYbvI4	2017-05-17	X0eXrDYbvI4
honesty	1	2017-05-17	X0eXrDYbvI4	2017-05-17	X0eXrDYbvI4
captain charlie plumb	1	2017-05-24	2XgwpDnalZE	2017-05-24	2XgwpDnalZE
prisoner of war	1	2017-05-24	2XgwpDnalZE	2017-05-24	2XgwpDnalZE
6 years	1	2017-05-24	2XgwpDnalZE	2017-05-24	2XgwpDnalZE
roger hayden	1	2017-06-02	74JqZ2JgEPg	2017-06-02	74JqZ2JgEPg
udt	1	2017-06-02	74JqZ2JgEPg	2017-06-02	74JqZ2JgEPg
veterans	3	2017-06-02	74JqZ2JgEPg	2020-02-20	hNdixeXugUw
nazis	1	2017-06-08	t0HA9RtxWa0	2017-06-08	t0HA9RtxWa0
concentration camp	1	2017-06-08	t0HA9RtxWa0	2017-06-08	t0HA9RtxWa0
business advice	3	2017-06-14	PoUf4_qWolU	2017-12-14	PsEq5IkmIR4
tu bruiser	1	2017-06-14	PoUf4_qWolU	2017-06-14	PoUf4_qWolU
GOOD	1	2017-06-14	PoUf4_qWolU	2017-06-14	PoUf4_qWolU
musashi	2	2017-06-21	uq0Skb529q8	2017-11-16	7GNRn3GtJ3g
samurai	3	2017-06-21	uq0Skb529q8	2017-11-23	MxtfVsxCt20
bushido	3	2017-06-21	uq0Skb529q8	2017-11-23	MxtfVsxCt20
warrior	3	2017-06-21	uq0Skb529q8	2017-11-23	MxtfVsxCt20
miyamoto	1	2017-06-21	uq0Skb529q8	2017-06-21	uq0Skb529q8
fighting	1	2017-06-21	uq0Skb529q8	2017-06-21	uq0Skb529q8
british	5	2017-06-29	hn8qFGhIan0	2020-02-13	S7-u_s7SfbU
manual	2	2017-06-29	hn8qFGhIan0	2018-01-26	kNrJiQ25fDU
anthology	1	2017-06-29	hn8qFGhIan0	2017-06-29	hn8qFGhIan0
task unit	1	2017-06-29	hn8qFGhIan0	2017-06-29	hn8qFGhIan0
fitness	6	2017-07-05	OHHBJOfc_K4	2019-04-24	sNKpAqto04E
conditioning	1	2017-07-05	OHHBJOfc_K4	2017-07-05	OHHBJOfc_K4
struggle	2	2017-07-05	OHHBJOfc_K4	2018-03-07	pkie4WSDBCY
ufos	1	2017-07-05	OHHBJOfc_K4	2017-07-05	OHHBJOfc_K4
break ups	1	2017-07-17	AlnRku47sNA	2017-07-17	AlnRku47sNA
bad bosses	1	2017-07-17	AlnRku47sNA	2017-07-17	AlnRku47sNA
example	1	2017-07-17	AlnRku47sNA	2017-07-17	AlnRku47sNA
lead	83	2017-07-17	AlnRku47sNA	2019-11-21	TlAoAZIAxQI
trust	1	2017-07-19	hqwJtqnhX7o	2017-07-19	hqwJtqnhX7o
creativity	1	2017-07-19	hqwJtqnhX7o	2017-07-19	hqwJtqnhX7o
18 platoon	1	2017-07-19	hqwJtqnhX7o	2017-07-19	hqwJtqnhX7o
wwii	4	2017-07-19	hqwJtqnhX7o	2019-02-21	oOfni0BCDuQ
normandie	1	2017-07-19	hqwJtqnhX7o	2017-07-19	hqwJtqnhX7o
d-day	1	2017-07-19	hqwJtqnhX7o	2017-07-19	hqwJtqnhX7o
d day	1	2017-07-19	hqwJtqnhX7o	2017-07-19	hqwJtqnhX7o
ordinary men	1	2017-07-26	PXx3AsF0E5M	2017-07-26	PXx3AsF0E5M
jews	2	2017-07-26	PXx3AsF0E5M	2020-03-04	Th1t1UvnYP4
police	1	2017-07-26	PXx3AsF0E5M	2017-07-26	PXx3AsF0E5M
bad orders	1	2017-07-26	PXx3AsF0E5M	2017-07-26	PXx3AsF0E5M
rationalizing	1	2017-07-26	PXx3AsF0E5M	2017-07-26	PXx3AsF0E5M
follow orders	1	2017-07-26	PXx3AsF0E5M	2017-07-26	PXx3AsF0E5M
manliness	1	2017-08-02	Ox4BXGhm1V0	2017-08-02	Ox4BXGhm1V0
training	4	2017-08-02	Ox4BXGhm1V0	2020-12-24	i66qyQ5mk48
manager	1	2017-08-02	Ox4BXGhm1V0	2017-08-02	Ox4BXGhm1V0
historical	2	2017-08-10	9goV9RzxHhs	2017-10-12	xaVM7A_VeXs
book	23	2017-08-16	3_rXS3lRpI8	2021-03-17	flgmAYraL0o
review	2	2017-08-16	3_rXS3lRpI8	2017-10-25	AL-89c1c-yE
adversity	2	2017-08-16	3_rXS3lRpI8	2017-12-06	WaNUl6DiMOE
unpreparedness	1	2017-08-16	3_rXS3lRpI8	2017-08-16	3_rXS3lRpI8
seal team	1	2017-08-16	3_rXS3lRpI8	2017-08-16	3_rXS3lRpI8
faulkland islands	1	2017-08-16	3_rXS3lRpI8	2017-08-16	3_rXS3lRpI8
mike thornton	1	2017-08-29	qYrH5-gItiI	2017-08-29	qYrH5-gItiI
travis mills	1	2017-08-30	CUbdyLDzoG0	2017-08-30	CUbdyLDzoG0
interview	4	2017-08-30	CUbdyLDzoG0	2020-03-04	Th1t1UvnYP4
army	8	2017-08-30	CUbdyLDzoG0	2020-11-11	mwsWbQ_mZYw
attitude	1	2017-08-30	CUbdyLDzoG0	2017-08-30	CUbdyLDzoG0
amputee	6	2017-08-30	CUbdyLDzoG0	2019-10-24	avDXMRz0ngE
quadruple	1	2017-08-30	CUbdyLDzoG0	2017-08-30	CUbdyLDzoG0
travis mills foundation	1	2017-08-30	CUbdyLDzoG0	2017-08-30	CUbdyLDzoG0
qa	3	2017-09-06	9tk6At-YLbI	2018-10-20	HujsR8viPbI
management	8	2017-09-06	9tk6At-YLbI	2018-12-26	FtYKlYXJrH0
rob jones	3	2017-09-13	tYSLr72rm1A	2019-09-20	JNfJtuThfFo
marathon	1	2017-09-13	tYSLr72rm1A	2017-09-13	tYSLr72rm1A
triathlon	1	2017-09-13	tYSLr72rm1A	2017-09-13	tYSLr72rm1A
rowing	1	2017-09-13	tYSLr72rm1A	2017-09-13	tYSLr72rm1A
olympics	1	2017-09-13	tYSLr72rm1A	2017-09-13	tYSLr72rm1A
combat engineer	1	2017-09-13	tYSLr72rm1A	2017-09-13	tYSLr72rm1A
milestones	1	2017-09-13	tYSLr72rm1A	2017-09-13	tYSLr72rm1A
pete roberts	1	2017-09-20	XgDNwLTmvkQ	2017-09-20	XgDNwLTmvkQ
origin	5	2017-09-20	XgDNwLTmvkQ	2019-09-12	poEv91uMwKw
maine	3	2017-09-20	XgDNwLTmvkQ	2019-09-12	poEv91uMwKw
american	1	2017-09-20	XgDNwLTmvkQ	2017-09-20	XgDNwLTmvkQ
manufacturing	3	2017-09-20	XgDNwLTmvkQ	2019-09-12	poEv91uMwKw
apparel	2	2017-09-20	XgDNwLTmvkQ	2018-09-10	SNfRtn8mCAU
clothing	1	2017-09-20	XgDNwLTmvkQ	2017-09-20	XgDNwLTmvkQ
economy	1	2017-09-20	XgDNwLTmvkQ	2017-09-20	XgDNwLTmvkQ
new england	1	2017-09-20	XgDNwLTmvkQ	2017-09-20	XgDNwLTmvkQ
books	2	2017-09-27	6eYMbCKBLNY	2018-12-13	FU8IwII8hhc
capt plumb	1	2017-10-12	xaVM7A_VeXs	2017-10-12	xaVM7A_VeXs
charlie plumb	1	2017-10-12	xaVM7A_VeXs	2017-10-12	xaVM7A_VeXs
jim kunkle	1	2017-10-12	xaVM7A_VeXs	2017-10-12	xaVM7A_VeXs
air force	1	2017-10-12	xaVM7A_VeXs	2017-10-12	xaVM7A_VeXs
fighter pilot	1	2017-10-12	xaVM7A_VeXs	2017-10-12	xaVM7A_VeXs
q&a	5	2017-10-18	Jg9ugotDurE	2018-09-05	8ZR_T5gW7QE
boss	3	2017-10-18	Jg9ugotDurE	2019-05-15	HL1LBA6D37E
back to the book	5	2017-10-25	AL-89c1c-yE	2019-01-09	8q31tAPep-g
Napoleon	1	2017-10-25	AL-89c1c-yE	2017-10-25	AL-89c1c-yE
napolianic	1	2017-10-25	AL-89c1c-yE	2017-10-25	AL-89c1c-yE
foot soldier	1	2017-10-25	AL-89c1c-yE	2017-10-25	AL-89c1c-yE
battlefield	2	2017-10-25	AL-89c1c-yE	2017-12-21	PsOXdpirQx4
diary	2	2017-10-25	AL-89c1c-yE	2018-09-19	HPZenkVh_nc
jordan peterson	3	2017-11-01	23dArPpXgCM	2018-12-13	FU8IwII8hhc
psychology	4	2017-11-01	23dArPpXgCM	2019-02-28	PcHXiStlZ3M
kane abel	1	2017-11-01	23dArPpXgCM	2017-11-01	23dArPpXgCM
toronto professor	1	2017-11-01	23dArPpXgCM	2017-11-01	23dArPpXgCM
sort yourself out	1	2017-11-01	23dArPpXgCM	2017-11-01	23dArPpXgCM
self authoring	1	2017-11-01	23dArPpXgCM	2017-11-01	23dArPpXgCM
personality test	1	2017-11-01	23dArPpXgCM	2017-11-01	23dArPpXgCM
emojis	1	2017-11-08	vlfIbDF0tIQ	2017-11-08	vlfIbDF0tIQ
communication	1	2017-11-08	vlfIbDF0tIQ	2017-11-08	vlfIbDF0tIQ
help	1	2017-11-08	vlfIbDF0tIQ	2017-11-08	vlfIbDF0tIQ
feedback	1	2017-11-08	vlfIbDF0tIQ	2017-11-08	vlfIbDF0tIQ
schedule	1	2017-11-08	vlfIbDF0tIQ	2017-11-08	vlfIbDF0tIQ
hectic	1	2017-11-08	vlfIbDF0tIQ	2017-11-08	vlfIbDF0tIQ
workout	2	2017-11-08	vlfIbDF0tIQ	2018-05-23	gey6hdySOm0
warrior code	1	2017-11-16	7GNRn3GtJ3g	2017-11-16	7GNRn3GtJ3g
hundred rules	1	2017-11-23	MxtfVsxCt20	2017-11-23	MxtfVsxCt20
rifleman harris	1	2017-12-06	WaNUl6DiMOE	2017-12-06	WaNUl6DiMOE
napoleon	1	2017-12-06	WaNUl6DiMOE	2017-12-06	WaNUl6DiMOE
human will	1	2017-12-06	WaNUl6DiMOE	2017-12-06	WaNUl6DiMOE
willpower	1	2017-12-06	WaNUl6DiMOE	2017-12-06	WaNUl6DiMOE
seal team 3	2	2017-12-21	PsOXdpirQx4	2017-12-28	y0iKtlUJeFM
echo chares	1	2017-12-28	y0iKtlUJeFM	2017-12-28	y0iKtlUJeFM
Maurice De Saxe	1	2018-01-26	kNrJiQ25fDU	2018-01-26	kNrJiQ25fDU
Art Of War	1	2018-01-26	kNrJiQ25fDU	2018-01-26	kNrJiQ25fDU
Reveries on The Art Of War	1	2018-01-26	kNrJiQ25fDU	2018-01-26	kNrJiQ25fDU
canadican sniper	1	2018-02-01	QGoAB0dZZTo	2018-02-01	QGoAB0dZZTo
alcoholism	1	2018-02-01	QGoAB0dZZTo	2018-02-01	QGoAB0dZZTo
depression	1	2018-02-01	QGoAB0dZZTo	2018-02-01	QGoAB0dZZTo
treatment	1	2018-02-01	QGoAB0dZZTo	2018-02-01	QGoAB0dZZTo
Jody Mitic	1	2018-02-01	QGoAB0dZZTo	2018-02-01	QGoAB0dZZTo
12 rules for life	1	2018-02-07	WHZjcfgk4CI	2018-02-07	WHZjcfgk4CI
clean your room	1	2018-02-07	WHZjcfgk4CI	2018-02-07	WHZjcfgk4CI
dish washer	1	2018-02-07	WHZjcfgk4CI	2018-02-07	WHZjcfgk4CI
howdy	1	2018-02-07	WHZjcfgk4CI	2018-02-07	WHZjcfgk4CI
lunch bucket	1	2018-02-07	WHZjcfgk4CI	2018-02-07	WHZjcfgk4CI
k9	1	2018-02-14	1HhXDprzf5I	2018-02-14	1HhXDprzf5I
dog training	1	2018-02-14	1HhXDprzf5I	2018-02-14	1HhXDprzf5I
law enforcement	1	2018-02-14	1HhXDprzf5I	2018-02-14	1HhXDprzf5I
k9 unit	1	2018-02-14	1HhXDprzf5I	2018-02-14	1HhXDprzf5I
mike ritland	1	2018-02-14	1HhXDprzf5I	2018-02-14	1HhXDprzf5I
dakota meyer	1	2018-02-28	E6LbwCKJ0lo	2018-02-28	E6LbwCKJ0lo
afghanistan	3	2018-02-28	E6LbwCKJ0lo	2019-07-11	EKIikKV8leA
medal of honor	2	2018-02-28	E6LbwCKJ0lo	2019-04-19	__Mx0kpHN-I
into the fire	1	2018-02-28	E6LbwCKJ0lo	2018-02-28	E6LbwCKJ0lo
31 marathons	1	2018-03-07	pkie4WSDBCY	2018-03-07	pkie4WSDBCY
journey	1	2018-03-07	pkie4WSDBCY	2018-03-07	pkie4WSDBCY
use the weight	1	2018-03-07	pkie4WSDBCY	2018-03-07	pkie4WSDBCY
q and a	5	2018-03-14	K4AKtdGLmOk	2020-02-06	5GBqd-Od7ZE
diet	1	2018-03-14	K4AKtdGLmOk	2018-03-14	K4AKtdGLmOk
nutrition	1	2018-03-14	K4AKtdGLmOk	2018-03-14	K4AKtdGLmOk
exercise	1	2018-03-14	K4AKtdGLmOk	2018-03-14	K4AKtdGLmOk
hard conversations	1	2018-03-14	K4AKtdGLmOk	2018-03-14	K4AKtdGLmOk
dan crenshaw	1	2018-03-21	71kbGdc1AIc	2018-03-21	71kbGdc1AIc
politics	2	2018-03-21	71kbGdc1AIc	2019-03-20	WB15cc8xPF8
ied	1	2018-03-21	71kbGdc1AIc	2018-03-21	71kbGdc1AIc
wounded	3	2018-03-21	71kbGdc1AIc	2019-02-06	MAo0wz91lt8
eye loss	1	2018-03-21	71kbGdc1AIc	2018-03-21	71kbGdc1AIc
morning routine	1	2018-03-21	71kbGdc1AIc	2018-03-21	71kbGdc1AIc
kano	1	2018-03-28	UDRoPLIVj48	2018-03-28	UDRoPLIVj48
judo	1	2018-03-28	UDRoPLIVj48	2018-03-28	UDRoPLIVj48
9-11	1	2018-03-28	UDRoPLIVj48	2018-03-28	UDRoPLIVj48
september 11th book	1	2018-03-28	UDRoPLIVj48	2018-03-28	UDRoPLIVj48
twin towers	1	2018-03-28	UDRoPLIVj48	2018-03-28	UDRoPLIVj48
judoka	1	2018-03-28	UDRoPLIVj48	2018-03-28	UDRoPLIVj48
Jigoro Kano	1	2018-03-28	UDRoPLIVj48	2018-03-28	UDRoPLIVj48
gentle way	1	2018-03-28	UDRoPLIVj48	2018-03-28	UDRoPLIVj48
gentle art	1	2018-03-28	UDRoPLIVj48	2018-03-28	UDRoPLIVj48
Discipline	76	2018-04-11	WzPyau4taT0	2019-11-21	TlAoAZIAxQI
excerpt	76	2018-04-11	WzPyau4taT0	2019-11-21	TlAoAZIAxQI
competition	1	2018-04-11	WzPyau4taT0	2018-04-11	WzPyau4taT0
self defense	1	2018-04-11	WzPyau4taT0	2018-04-11	WzPyau4taT0
chesty puller	1	2018-04-19	79EX2vGx-lE	2018-04-19	79EX2vGx-lE
marine corps	5	2018-04-19	79EX2vGx-lE	2020-08-06	lD6J-hzAw0E
lewis puller jr.	1	2018-04-19	8V64QwOt7ew	2018-04-19	8V64QwOt7ew
fortunate son	1	2018-04-19	8V64QwOt7ew	2018-04-19	8V64QwOt7ew
light	1	2018-04-20	qvuMr-S-BRU	2018-04-20	qvuMr-S-BRU
general	3	2018-05-09	pFn-A2_Mdq4	2020-01-23	v2xt9G2uk8A
asian	1	2018-05-09	pFn-A2_Mdq4	2018-05-09	pFn-A2_Mdq4
q & a	4	2018-05-23	gey6hdySOm0	2019-07-04	TAAvWdYOJvo
thomas fife	1	2018-05-25	erAqhsytrgI	2018-05-25	erAqhsytrgI
korea	3	2018-05-25	erAqhsytrgI	2018-10-24	_K9ICXapatg
iwo	1	2018-05-31	XW0sLrI_pEc	2018-05-31	XW0sLrI_pEc
iwojima	1	2018-05-31	XW0sLrI_pEc	2018-05-31	XW0sLrI_pEc
guest	3	2018-05-31	XW0sLrI_pEc	2019-06-12	5CnmUAneAxA
fred harvey	1	2018-05-31	XW0sLrI_pEc	2018-05-31	XW0sLrI_pEc
drunk girl fail	1	2018-06-06	kpfP1udNOc0	2018-06-06	kpfP1udNOc0
weight lifting	1	2018-06-06	kpfP1udNOc0	2018-06-06	kpfP1udNOc0
forgiveness	1	2018-06-06	kpfP1udNOc0	2018-06-06	kpfP1udNOc0
confidence	1	2018-06-06	kpfP1udNOc0	2018-06-06	kpfP1udNOc0
Vegetius	1	2018-06-21	6KsBXYmb0gk	2018-06-21	6KsBXYmb0gk
Flavius	1	2018-06-21	6KsBXYmb0gk	2018-06-21	6KsBXYmb0gk
Renatus	1	2018-06-21	6KsBXYmb0gk	2018-06-21	6KsBXYmb0gk
430 AD	1	2018-06-21	6KsBXYmb0gk	2018-06-21	6KsBXYmb0gk
Militari	1	2018-06-21	6KsBXYmb0gk	2018-06-21	6KsBXYmb0gk
De Re Militari	1	2018-06-21	6KsBXYmb0gk	2018-06-21	6KsBXYmb0gk
enemies	1	2018-06-27	OoTW-Y6kLdY	2018-06-27	OoTW-Y6kLdY
work advice	1	2018-06-27	OoTW-Y6kLdY	2018-06-27	OoTW-Y6kLdY
interruptions	1	2018-06-27	OoTW-Y6kLdY	2018-06-27	OoTW-Y6kLdY
anthony bourdain	1	2018-06-27	OoTW-Y6kLdY	2018-06-27	OoTW-Y6kLdY
tragedy	1	2018-06-27	OoTW-Y6kLdY	2018-06-27	OoTW-Y6kLdY
wu	1	2018-07-08	l01fXRCvGjo	2018-07-08	l01fXRCvGjo
spirit of wu	1	2018-07-08	l01fXRCvGjo	2018-07-08	l01fXRCvGjo
36 strategims	1	2018-07-08	l01fXRCvGjo	2018-07-08	l01fXRCvGjo
strategems	1	2018-07-08	l01fXRCvGjo	2018-07-08	l01fXRCvGjo
chinese poem	1	2018-07-08	l01fXRCvGjo	2018-07-08	l01fXRCvGjo
unit 731	1	2018-07-13	mizmXTWDf-4	2018-07-13	mizmXTWDf-4
imperial japan	1	2018-07-13	mizmXTWDf-4	2018-07-13	mizmXTWDf-4
biological warfare	1	2018-07-13	mizmXTWDf-4	2018-07-13	mizmXTWDf-4
vivisection	1	2018-07-13	mizmXTWDf-4	2018-07-13	mizmXTWDf-4
overwatch	1	2018-07-19	vDWupT4tc8M	2018-07-19	vDWupT4tc8M
marine	2	2018-07-19	vDWupT4tc8M	2019-10-16	5Rql0fwFkYY
dave berke	3	2018-07-25	1sUz83tnSvI	2020-11-04	GgzzkUquRSs
marine fighter pilot	1	2018-07-25	1sUz83tnSvI	2018-07-25	1sUz83tnSvI
melenials	1	2018-07-25	1sUz83tnSvI	2018-07-25	1sUz83tnSvI
ww1	1	2018-08-01	46bpGQXcKSU	2018-08-01	46bpGQXcKSU
world war 1	1	2018-08-01	46bpGQXcKSU	2018-08-01	46bpGQXcKSU
judgement	1	2018-08-01	46bpGQXcKSU	2018-08-01	46bpGQXcKSU
grappling	2	2018-08-08	9-hEh7thG1Y	2018-09-10	SNfRtn8mCAU
dichotomy	1	2018-08-16	zykkngRWy_A	2018-08-16	zykkngRWy_A
new book	1	2018-08-16	zykkngRWy_A	2018-08-16	zykkngRWy_A
amazon	1	2018-08-16	zykkngRWy_A	2018-08-16	zykkngRWy_A
Japan	1	2018-08-22	YMktUe8LSWE	2018-08-22	YMktUe8LSWE
bataan march	1	2018-08-22	YMktUe8LSWE	2018-08-22	YMktUe8LSWE
filipines	1	2018-08-22	YMktUe8LSWE	2018-08-22	YMktUe8LSWE
philipines	1	2018-08-22	YMktUe8LSWE	2018-08-22	YMktUe8LSWE
kipling	1	2018-09-05	8ZR_T5gW7QE	2018-09-05	8ZR_T5gW7QE
questions	3	2018-09-05	8ZR_T5gW7QE	2019-05-10	Fj_mA4znl4o
industry	1	2018-09-10	SNfRtn8mCAU	2018-09-10	SNfRtn8mCAU
gi	1	2018-09-10	SNfRtn8mCAU	2018-09-10	SNfRtn8mCAU
kimono	1	2018-09-10	SNfRtn8mCAU	2018-09-10	SNfRtn8mCAU
apparel company	1	2018-09-10	SNfRtn8mCAU	2018-09-10	SNfRtn8mCAU
ceo	1	2018-09-10	SNfRtn8mCAU	2018-09-10	SNfRtn8mCAU
sla marshall	1	2018-09-12	UY4qg1tNShw	2018-09-12	UY4qg1tNShw
pbs	1	2018-09-26	c6tNzy2RfVE	2018-09-26	c6tNzy2RfVE
vietnam primer	1	2018-09-26	c6tNzy2RfVE	2018-09-26	c6tNzy2RfVE
soviet	1	2018-10-04	bkhKtGZHn2A	2018-10-04	bkhKtGZHn2A
field manual	4	2018-10-04	bkhKtGZHn2A	2020-12-19	sd9x2I0AhAs
principles of	1	2018-10-04	bkhKtGZHn2A	2018-10-04	bkhKtGZHn2A
FM FM 6-4	1	2018-10-04	bkhKtGZHn2A	2018-10-04	bkhKtGZHn2A
success	2	2018-10-10	-BPt2pqawHs	2019-05-15	HL1LBA6D37E
talent	1	2018-10-10	-BPt2pqawHs	2018-10-10	-BPt2pqawHs
money	1	2018-10-10	-BPt2pqawHs	2018-10-10	-BPt2pqawHs
happiness	1	2018-10-10	-BPt2pqawHs	2018-10-10	-BPt2pqawHs
relationships	1	2018-10-20	HujsR8viPbI	2018-10-20	HujsR8viPbI
team building	1	2018-10-20	HujsR8viPbI	2018-10-20	HujsR8viPbI
up the chain	1	2018-10-20	HujsR8viPbI	2018-10-20	HujsR8viPbI
latrine	1	2018-10-24	_K9ICXapatg	2018-10-24	_K9ICXapatg
surfing	1	2018-11-07	kjF9uHZW_QE	2018-11-07	kjF9uHZW_QE
shaping	1	2018-11-07	kjF9uHZW_QE	2018-11-07	kjF9uHZW_QE
surfboards	1	2018-11-07	kjF9uHZW_QE	2018-11-07	kjF9uHZW_QE
waves	1	2018-11-07	kjF9uHZW_QE	2018-11-07	kjF9uHZW_QE
draft	1	2018-11-07	kjF9uHZW_QE	2018-11-07	kjF9uHZW_QE
the draft	1	2018-11-07	kjF9uHZW_QE	2018-11-07	kjF9uHZW_QE
implement change	1	2018-11-16	B_ExqPea_6I	2018-11-16	B_ExqPea_6I
the path	1	2018-11-16	B_ExqPea_6I	2018-11-16	B_ExqPea_6I
the grind	1	2018-11-16	B_ExqPea_6I	2018-11-16	B_ExqPea_6I
pilot	4	2018-11-30	QsUv8yjctUo	2021-04-01	9wbMdm6xpJM
seawolves	1	2018-11-30	QsUv8yjctUo	2018-11-30	QsUv8yjctUo
hal3	1	2018-11-30	QsUv8yjctUo	2018-11-30	QsUv8yjctUo
defcor	178	2018-12-06	1-YoC8JUolE	2023-02-02	Gp-ZCDOS-nk
self improvement	2	2018-12-06	1-YoC8JUolE	2018-12-26	FtYKlYXJrH0
dragons	1	2018-12-13	FU8IwII8hhc	2018-12-13	FU8IwII8hhc
lobster	1	2018-12-13	FU8IwII8hhc	2018-12-13	FU8IwII8hhc
make your bed	2	2018-12-13	FU8IwII8hhc	2021-07-15	cG_i1I1V8q0
gulag	2	2018-12-13	FU8IwII8hhc	2018-12-20	swWMumjeNBg
responsibility	1	2018-12-13	FU8IwII8hhc	2018-12-13	FU8IwII8hhc
jordan peterson book	1	2018-12-20	swWMumjeNBg	2018-12-20	swWMumjeNBg
Aleksandr Solzhenitsyn	1	2018-12-20	swWMumjeNBg	2018-12-20	swWMumjeNBg
Archipelago	1	2018-12-20	swWMumjeNBg	2018-12-20	swWMumjeNBg
hope	1	2018-12-20	swWMumjeNBg	2018-12-20	swWMumjeNBg
russians	1	2018-12-20	swWMumjeNBg	2018-12-20	swWMumjeNBg
stalin	1	2018-12-20	swWMumjeNBg	2018-12-20	swWMumjeNBg
germans	1	2018-12-20	swWMumjeNBg	2018-12-20	swWMumjeNBg
carreer	1	2018-12-26	FtYKlYXJrH0	2018-12-26	FtYKlYXJrH0
convict	1	2019-01-03	pILRCfi0LiU	2019-01-03	pILRCfi0LiU
railroad	1	2019-01-03	pILRCfi0LiU	2019-01-03	pILRCfi0LiU
hobo	1	2019-01-03	pILRCfi0LiU	2019-01-03	pILRCfi0LiU
panzram	1	2019-01-03	pILRCfi0LiU	2019-01-03	pILRCfi0LiU
machiavelli	2	2019-01-09	8q31tAPep-g	2019-01-24	uZNUw8W14yk
warfare	1	2019-01-09	8q31tAPep-g	2019-01-09	8q31tAPep-g
dichotomy of leadership	162	2019-01-09	8q31tAPep-g	2023-02-02	Gp-ZCDOS-nk
nyt bestseller	1	2019-01-09	8q31tAPep-g	2019-01-09	8q31tAPep-g
podcaster	1	2019-01-09	8q31tAPep-g	2019-01-09	8q31tAPep-g
live podcast	1	2019-01-16	__6WUZBofxA	2019-01-16	__6WUZBofxA
new york city	1	2019-01-16	__6WUZBofxA	2019-01-16	__6WUZBofxA
good evening	1	2019-01-16	__6WUZBofxA	2019-01-16	__6WUZBofxA
broadway	1	2019-01-16	__6WUZBofxA	2019-01-16	__6WUZBofxA
prince	1	2019-01-24	uZNUw8W14yk	2019-01-24	uZNUw8W14yk
jocko store	38	2019-01-24	uZNUw8W14yk	2019-11-21	TlAoAZIAxQI
hue	1	2019-01-31	yNMT9n6MXA4	2019-01-31	yNMT9n6MXA4
hue city	1	2019-01-31	yNMT9n6MXA4	2019-01-31	yNMT9n6MXA4
trident	1	2019-02-06	MAo0wz91lt8	2019-02-06	MAo0wz91lt8
jason redman	1	2019-02-06	MAo0wz91lt8	2019-02-06	MAo0wz91lt8
ranger school	1	2019-02-06	MAo0wz91lt8	2019-02-06	MAo0wz91lt8
winning	1	2019-02-14	J1Uv68PIUho	2019-02-14	J1Uv68PIUho
soldier	2	2019-02-14	J1Uv68PIUho	2021-03-17	flgmAYraL0o
we go on	1	2019-02-14	J1Uv68PIUho	2019-02-14	J1Uv68PIUho
soy sauce dish	1	2019-02-28	PcHXiStlZ3M	2019-02-28	PcHXiStlZ3M
dishes	1	2019-02-28	PcHXiStlZ3M	2019-02-28	PcHXiStlZ3M
customs	1	2019-02-28	PcHXiStlZ3M	2019-02-28	PcHXiStlZ3M
bikini	1	2019-02-28	PcHXiStlZ3M	2019-02-28	PcHXiStlZ3M
speedo	1	2019-02-28	PcHXiStlZ3M	2019-02-28	PcHXiStlZ3M
master chief	1	2019-03-08	5qL7_NpcoeU	2019-03-08	5qL7_NpcoeU
sniper	3	2019-03-08	5qL7_NpcoeU	2020-09-10	CFeE_IbRw1o
slippery slope	1	2019-03-20	WB15cc8xPF8	2019-03-20	WB15cc8xPF8
subordinate	1	2019-03-27	UG1fmSKw_Qg	2019-03-27	UG1fmSKw_Qg
work	3	2019-03-27	UG1fmSKw_Qg	2020-02-06	5GBqd-Od7ZE
employment	2	2019-03-27	UG1fmSKw_Qg	2019-05-15	HL1LBA6D37E
execute	1	2019-03-27	UG1fmSKw_Qg	2019-03-27	UG1fmSKw_Qg
blind	1	2019-04-04	m5CkAJu9t8E	2019-04-04	m5CkAJu9t8E
fm	1	2019-04-10	gaDNEElK2II	2019-04-10	gaDNEElK2II
10-22	1	2019-04-10	gaDNEElK2II	2019-04-10	gaDNEElK2II
ten tac 22	1	2019-04-10	gaDNEElK2II	2019-04-10	gaDNEElK2II
secret service	1	2019-04-19	__Mx0kpHN-I	2019-04-19	__Mx0kpHN-I
cancer	1	2019-04-19	__Mx0kpHN-I	2019-04-19	__Mx0kpHN-I
standards	1	2019-04-24	sNKpAqto04E	2019-04-24	sNKpAqto04E
rating system	1	2019-04-24	sNKpAqto04E	2019-04-24	sNKpAqto04E
evaluation	1	2019-04-24	sNKpAqto04E	2019-04-24	sNKpAqto04E
answers	1	2019-05-10	Fj_mA4znl4o	2019-05-10	Fj_mA4znl4o
betrayal	1	2019-05-15	HL1LBA6D37E	2019-05-15	HL1LBA6D37E
failure	1	2019-05-15	HL1LBA6D37E	2019-05-15	HL1LBA6D37E
work life balance	1	2019-05-15	HL1LBA6D37E	2019-05-15	HL1LBA6D37E
kamikaze	1	2019-05-22	MFxPmXXSqoQ	2019-05-22	MFxPmXXSqoQ
japan	1	2019-05-22	MFxPmXXSqoQ	2019-05-22	MFxPmXXSqoQ
okinawa	1	2019-05-22	MFxPmXXSqoQ	2019-05-22	MFxPmXXSqoQ
pearl harbor	1	2019-05-22	MFxPmXXSqoQ	2019-05-22	MFxPmXXSqoQ
loyalty	1	2019-05-22	MFxPmXXSqoQ	2019-05-22	MFxPmXXSqoQ
code	1	2019-05-22	MFxPmXXSqoQ	2019-05-22	MFxPmXXSqoQ
honor	2	2019-05-22	MFxPmXXSqoQ	2020-03-12	vt6RmeQa_98
millennials	1	2019-05-31	ReZMTje9_UQ	2019-05-31	ReZMTje9_UQ
mistakes	1	2019-05-31	ReZMTje9_UQ	2019-05-31	ReZMTje9_UQ
stryker	1	2019-06-12	5CnmUAneAxA	2019-06-12	5CnmUAneAxA
sog	6	2019-06-12	5CnmUAneAxA	2020-12-04	1Ca73ynwzTs
baby boomer	1	2019-06-12	5CnmUAneAxA	2019-06-12	5CnmUAneAxA
recon	1	2019-06-20	0xjwJHzwRTo	2019-06-20	0xjwJHzwRTo
jungle	1	2019-06-20	0xjwJHzwRTo	2019-06-20	0xjwJHzwRTo
triple canopy	1	2019-06-20	0xjwJHzwRTo	2019-06-20	0xjwJHzwRTo
novel	1	2019-06-26	snMzYfhXScQ	2019-06-26	snMzYfhXScQ
fiction	1	2019-06-26	snMzYfhXScQ	2019-06-26	snMzYfhXScQ
reading	1	2019-06-26	snMzYfhXScQ	2019-06-26	snMzYfhXScQ
lfa	1	2019-07-11	EKIikKV8leA	2019-07-11	EKIikKV8leA
mitch aguiar	1	2019-07-11	EKIikKV8leA	2019-07-11	EKIikKV8leA
green beret	1	2019-07-19	dXy3rlnGDyo	2019-07-19	dXy3rlnGDyo
no echo	1	2019-07-19	dXy3rlnGDyo	2019-07-19	dXy3rlnGDyo
john stryker meyer	1	2019-07-19	dXy3rlnGDyo	2019-07-19	dXy3rlnGDyo
good deal dave	6	2019-07-25	mjVZQUEdfP0	2020-11-04	GgzzkUquRSs
usmc manual	1	2019-08-05	dpT4GCSvVtA	2019-08-05	dpT4GCSvVtA
usmc	1	2019-08-15	2Wsxxa5jh-I	2019-08-15	2Wsxxa5jh-I
1-3	1	2019-08-15	2Wsxxa5jh-I	2019-08-15	2Wsxxa5jh-I
BTF	1	2019-08-22	NqRZixSmWxI	2019-08-22	NqRZixSmWxI
new hampshire	1	2019-08-22	NqRZixSmWxI	2019-08-22	NqRZixSmWxI
military podcast	1	2019-08-29	SMHcju2eAfw	2019-08-29	SMHcju2eAfw
molk	1	2019-08-29	SMHcju2eAfw	2019-08-29	SMHcju2eAfw
farmington	1	2019-09-12	poEv91uMwKw	2019-09-12	poEv91uMwKw
factory	1	2019-09-12	poEv91uMwKw	2019-09-12	poEv91uMwKw
bjj camp	1	2019-09-12	poEv91uMwKw	2019-09-12	poEv91uMwKw
congress	1	2019-09-20	JNfJtuThfFo	2019-09-20	JNfJtuThfFo
running	1	2019-09-20	JNfJtuThfFo	2019-09-20	JNfJtuThfFo
marathons	1	2019-09-20	JNfJtuThfFo	2019-09-20	JNfJtuThfFo
kersite ennis	1	2019-10-16	5Rql0fwFkYY	2019-10-16	5Rql0fwFkYY
mt everest	1	2019-10-16	5Rql0fwFkYY	2019-10-16	5Rql0fwFkYY
moutain climber	1	2019-10-16	5Rql0fwFkYY	2019-10-16	5Rql0fwFkYY
helicopter	1	2019-10-16	5Rql0fwFkYY	2019-10-16	5Rql0fwFkYY
manion foundation	1	2019-10-31	qFAosAUqyH0	2019-10-31	qFAosAUqyH0
family	1	2019-10-31	qFAosAUqyH0	2019-10-31	qFAosAUqyH0
tarawa	1	2019-11-08	9ATfyouqqeY	2019-11-08	9ATfyouqqeY
98 years old	1	2019-11-08	9ATfyouqqeY	2019-11-08	9ATfyouqqeY
Bill Hampton	1	2019-11-17	4szQOuS2lfU	2019-11-17	4szQOuS2lfU
Kelly Miller	1	2019-11-17	4szQOuS2lfU	2019-11-17	4szQOuS2lfU
John Ferguson	1	2019-11-17	4szQOuS2lfU	2019-11-17	4szQOuS2lfU
Trent Gibson.	1	2019-11-17	4szQOuS2lfU	2019-11-17	4szQOuS2lfU
Marines	1	2019-11-17	4szQOuS2lfU	2019-11-17	4szQOuS2lfU
phd	1	2019-11-21	TlAoAZIAxQI	2019-11-21	TlAoAZIAxQI
macv sog	1	2019-11-27	r70l9Qjzfow	2019-11-27	r70l9Qjzfow
dick thompson	1	2019-11-27	r70l9Qjzfow	2019-11-27	r70l9Qjzfow
origin maine	1	2019-11-27	r70l9Qjzfow	2019-11-27	r70l9Qjzfow
sof	1	2019-11-27	r70l9Qjzfow	2019-11-27	r70l9Qjzfow
rangers	1	2019-11-27	r70l9Qjzfow	2019-11-27	r70l9Qjzfow
green baret	1	2019-11-27	r70l9Qjzfow	2019-11-27	r70l9Qjzfow
victory	161	2019-12-12	S1ctMlVSbro	2023-02-02	Gp-ZCDOS-nk
french foreign legion	1	2019-12-26	wtqe5msnGAY	2019-12-26	wtqe5msnGAY
appel	1	2019-12-26	wtqe5msnGAY	2019-12-26	wtqe5msnGAY
patton	1	2020-01-23	v2xt9G2uk8A	2020-01-23	v2xt9G2uk8A
speech	1	2020-01-23	v2xt9G2uk8A	2020-01-23	v2xt9G2uk8A
lt dan	1	2020-02-20	hNdixeXugUw	2020-02-20	hNdixeXugUw
forrest gump	1	2020-02-20	hNdixeXugUw	2020-02-20	hNdixeXugUw
foundation	1	2020-02-20	hNdixeXugUw	2020-02-20	hNdixeXugUw
va	1	2020-02-20	hNdixeXugUw	2020-02-20	hNdixeXugUw
therapy	1	2020-02-26	GnJ7WOD4EM4	2020-02-26	GnJ7WOD4EM4
holocaust	1	2020-03-04	Th1t1UvnYP4	2020-03-04	Th1t1UvnYP4
survivor	1	2020-03-04	Th1t1UvnYP4	2020-03-04	Th1t1UvnYP4
mortuary	1	2020-03-12	vt6RmeQa_98	2020-03-12	vt6RmeQa_98
warriors	1	2020-03-12	vt6RmeQa_98	2020-03-12	vt6RmeQa_98
nasa	1	2020-03-18	yujP3-AxXsI	2020-03-18	yujP3-AxXsI
astronaut	1	2020-03-18	yujP3-AxXsI	2020-03-18	yujP3-AxXsI
texas	1	2020-03-25	yjrQayR_S8k	2020-03-25	yjrQayR_S8k
congressman	1	2020-03-25	yjrQayR_S8k	2020-03-25	yjrQayR_S8k
martyrmade	1	2020-04-09	piPCztMMJLk	2020-04-09	piPCztMMJLk
jocko publishing	2	2020-04-23	oymhXVCR53s	2021-03-04	IHv0H9M4XWM
aviation	1	2020-05-27	01a6sJgD0Dk	2020-05-27	01a6sJgD0Dk
2-28	1	2020-06-24	yMJciWG5uXM	2020-06-24	yMJciWG5uXM
national guard	1	2020-06-24	yMJciWG5uXM	2020-06-24	yMJciWG5uXM
new york	1	2020-07-01	sM22h9ccPvQ	2020-07-01	sM22h9ccPvQ
sambo	1	2020-07-01	sM22h9ccPvQ	2020-07-01	sM22h9ccPvQ
technique	1	2020-07-08	I3BUFSNV0pk	2020-07-08	I3BUFSNV0pk
ptsd	1	2020-08-06	lD6J-hzAw0E	2020-08-06	lD6J-hzAw0E
music	1	2020-08-19	xvJb19ZSXGQ	2020-08-19	xvJb19ZSXGQ
soundtrack	1	2020-08-19	xvJb19ZSXGQ	2020-08-19	xvJb19ZSXGQ
no history	1	2020-08-19	xvJb19ZSXGQ	2020-08-19	xvJb19ZSXGQ
acoustic	1	2020-08-19	xvJb19ZSXGQ	2020-08-19	xvJb19ZSXGQ
i wish it was true	1	2020-08-19	xvJb19ZSXGQ	2020-08-19	xvJb19ZSXGQ
guitar	1	2020-08-19	xvJb19ZSXGQ	2020-08-19	xvJb19ZSXGQ
jake smith	1	2020-08-19	xvJb19ZSXGQ	2020-08-19	xvJb19ZSXGQ
concert	1	2020-08-19	xvJb19ZSXGQ	2020-08-19	xvJb19ZSXGQ
live music	1	2020-08-19	xvJb19ZSXGQ	2020-08-19	xvJb19ZSXGQ
no history acoustic	1	2020-08-19	xvJb19ZSXGQ	2020-08-19	xvJb19ZSXGQ
activate	1	2020-09-10	CFeE_IbRw1o	2020-09-10	CFeE_IbRw1o
nfs	1	2020-10-08	6AsLHH0s2iw	2020-10-08	6AsLHH0s2iw
hardcore recondos	1	2020-10-08	6AsLHH0s2iw	2020-10-08	6AsLHH0s2iw
about face	1	2020-10-08	6AsLHH0s2iw	2020-10-08	6AsLHH0s2iw
gidelines	1	2020-10-23	TagQ61l_taM	2020-10-23	TagQ61l_taM
commander	3	2020-10-23	TagQ61l_taM	2020-11-20	Ow9ZW6C84Oo
guidelines for the leader and commander	1	2020-10-28	xP3NS6x63lU	2020-10-28	xP3NS6x63lU
green berets	1	2020-11-26	Q-vUpQt_U3A	2020-11-26	Q-vUpQt_U3A
tilt	2	2020-12-04	1Ca73ynwzTs	2020-12-10	VsIIMa4n5rs
nva	1	2020-12-04	1Ca73ynwzTs	2020-12-04	1Ca73ynwzTs
kingbee	1	2020-12-10	VsIIMa4n5rs	2020-12-10	VsIIMa4n5rs
vietnamese pilot	1	2020-12-10	VsIIMa4n5rs	2020-12-10	VsIIMa4n5rs
hands	1	2020-12-10	VsIIMa4n5rs	2020-12-10	VsIIMa4n5rs
hooks	1	2020-12-10	VsIIMa4n5rs	2020-12-10	VsIIMa4n5rs
def fm	1	2020-12-19	sd9x2I0AhAs	2020-12-19	sd9x2I0AhAs
jocko willink book	1	2020-12-19	sd9x2I0AhAs	2020-12-19	sd9x2I0AhAs
seals	1	2020-12-24	i66qyQ5mk48	2020-12-24	i66qyQ5mk48
learning	1	2020-12-24	i66qyQ5mk48	2020-12-24	i66qyQ5mk48
underground	1	2021-01-07	QtVyxGW7Qzs	2021-01-07	QtVyxGW7Qzs
jocko underground	2	2021-01-07	QtVyxGW7Qzs	2021-01-21	HA0Z50l_HNc
compete	1	2021-01-14	8izarrFWe8g	2021-01-14	8izarrFWe8g
influence	1	2021-01-14	8izarrFWe8g	2021-01-14	8izarrFWe8g
competing	2	2021-01-21	HA0Z50l_HNc	2021-02-04	8pShSM_20V0
mcdp	1	2021-02-04	8pShSM_20V0	2021-02-04	8pShSM_20V0
squad leader	1	2021-02-11	D_Tg9IwXVdo	2021-02-11	D_Tg9IwXVdo
journalist	1	2021-03-04	IHv0H9M4XWM	2021-03-04	IHv0H9M4XWM
woman	1	2021-03-04	IHv0H9M4XWM	2021-03-04	IHv0H9M4XWM
tulsi	1	2021-03-10	Sp3X-tvG7dU	2021-03-10	Sp3X-tvG7dU
hawaii	1	2021-03-10	Sp3X-tvG7dU	2021-03-10	Sp3X-tvG7dU
hawaiian	1	2021-03-10	Sp3X-tvG7dU	2021-03-10	Sp3X-tvG7dU
herbert	1	2021-03-17	flgmAYraL0o	2021-03-17	flgmAYraL0o
huey	1	2021-04-01	9wbMdm6xpJM	2021-04-01	9wbMdm6xpJM